id,group,email,age,City,time
1,1,bkervin0@1und1.de,45,Huxi,3:18 PM
2,,mattryde1@elpais.com,32,Melun,6:01 PM
3,3,cbirchner2@huffingtonpost.com,44,Besah,6:53 PM
4,4,walvaro3@google.de,19,Fullerton,5:59 AM
5,1,aheamus4@gov.uk,26,Bahe,4:04 AM
6,1,gfardy5@stumbleupon.com,33,Yingdianjie,6:25 PM
7,2,lohingerty6@ucla.edu,20,Sarrat,12:16 AM
8,4,dmaly7@github.com,66,Marina,7:23 PM
9,3,nsteinson8@princeton.edu,45,Paloh,11:39 PM
10,2,dsturman9@soundcloud.com,36,Valença do Douro,7:46 AM
11,1,kgiraudoa@privacy.gov.au,50,Vršac,5:07 PM
12,2,btellettb@blinklist.com,46,Maputsoe,11:59 AM
13,2,acaldesc@netscape.com,29,Shitong,5:27 AM
14,4,dseawrightd@state.gov,54,Lemahputih,2:04 AM
15,4,emanshawe@upenn.edu,18,Podhum,8:42 AM
16,3,eewellsf@statcounter.com,23,Bonak,12:13 PM
17,4,apeddeng@about.com,46,Pacaembu,9:32 AM
18,3,bglavinh@psu.edu,36,Joaçaba,11:22 PM
19,,anazarethi@dell.com,42,Bronx,11:01 PM
20,2,mhowleyj@comsenz.com,63,Buenavista,7:05 AM
21,3,msteeplesk@themeforest.net,54,Loket,5:19 AM
22,1,ktoyerl@virginia.edu,28,São Manuel,4:30 PM
23,4,jtowseym@cpanel.net,55,Jiangchuanlu,12:54 PM
24,,dsouthernn@list-manage.com,57,Zhumadian,
25,1,abennisono@macromedia.com,36,Stepojevac,
26,4,ltweediep@homestead.com,43,Longquan,6:10 AM
27,3,raucoateq@reuters.com,66,,12:00 PM
28,1,cletherburyr@163.com,66,Shijing,5:19 PM
29,4,awhittleseas@prweb.com,64,Almirante,9:16 AM
30,3,qroskrugt@independent.co.uk,45,Montijo,2:07 PM
31,4,uduellu@deviantart.com,68,Xiaxi,2:35 PM
32,3,wisleyv@imageshack.us,53,Yeyik,9:15 AM
33,1,otrappw@about.me,31,Fāqūs,6:36 PM
34,1,eginiex@examiner.com,28,Couva,5:20 PM
35,1,ffairbanky@unesco.org,42,Fabianki,
36,,agogertyz@cam.ac.uk,22,Cruzeiro,7:06 AM
37,4,pfrancisco10@webmd.com,54,Hantang,7:43 AM
38,3,alande11@zdnet.com,32,Nicolas Bravo,12:35 PM
39,3,caldis12@lycos.com,25,Arīḩā,6:53 AM
40,4,alaise13@slideshare.net,22,Nagrumbuan,3:43 AM
41,2,asearight14@huffingtonpost.com,63,Радовиш,8:13 PM
42,1,mdomke15@dmoz.org,25,San Ramón,11:48 PM
43,2,graye16@youku.com,66,Houndé,4:49 AM
44,1,jakester17@cnn.com,26,Villamaría,10:38 PM
45,2,ndavitt18@tinyurl.com,68,Cimo de Vila,8:45 AM
46,1,cburns19@quantcast.com,34,Seydi,4:34 AM
47,1,djouandet1a@php.net,30,Aurora,10:19 PM
48,4,bgrodden1b@indiegogo.com,45,Saint-Paul,12:25 PM
49,,spoizer1c@skype.com,21,,6:23 AM
50,1,bheiner1d@marketwatch.com,61,Třebíč,7:42 AM
51,4,magutter1e@ftc.gov,68,Glondong,12:34 PM
52,2,mleere1f@blogs.com,32,Krajan Keboromo,12:58 AM
53,2,cadenot1g@businessweek.com,50,Sabnova,7:20 AM
54,4,ritzkovwich1h@usatoday.com,28,,11:44 AM
55,2,kcrusham1i@wp.com,54,Thị Trấn Mường Tè,4:12 AM
56,,dcotilard1j@homestead.com,70,Lingkou,8:29 AM
57,4,swillcock1k@ovh.net,61,Shuya,9:32 PM
58,4,sbelle1l@histats.com,49,Manukaka,2:04 AM
59,4,rmaccostigan1m@fc2.com,33,Jaguimitan,
60,1,sgrishaev1n@w3.org,50,Toroy,5:38 PM
61,2,bdutnell1o@t-online.de,62,Montpellier,9:55 PM
62,4,rslafford1p@sohu.com,27,Zhangjiaji,1:37 PM
63,1,mbarta1q@shutterfly.com,31,Bhopālwāla,11:57 PM
64,2,mokeeffe1r@cbslocal.com,63,,9:11 PM
65,4,cpaudin1s@ucoz.com,23,Si Racha,3:17 AM
66,1,lredsull1t@furl.net,31,Wudui,7:21 AM
67,2,abadsworth1u@nytimes.com,40,Coihaique,9:48 AM
68,1,fblackledge1v@miibeian.gov.cn,43,Cajazeiras,3:20 AM
69,3,lbeed1w@scribd.com,22,,7:03 AM
70,3,lpechold1x@naver.com,22,Jiaobei,7:50 PM
71,1,cwell1y@census.gov,34,Krrabë,6:28 AM
72,4,ojostan1z@walmart.com,40,Lyambir’,1:26 PM
73,4,emacneely20@kickstarter.com,27,Buenaventura,
74,4,ctraynor21@ebay.co.uk,23,Labog,8:28 PM
75,1,hgrix22@vinaora.com,44,Shen’ao,7:55 PM
76,2,rjoder23@gizmodo.com,39,Santisimo Rosario,9:54 AM
77,3,gmalyan24@shareasale.com,30,Storozhevaya,3:36 AM
78,4,dbavridge25@accuweather.com,35,Ueno,2:16 AM
79,3,mgreenhall26@deliciousdays.com,70,São João das Lampas,5:46 PM
80,,mlisimore27@techcrunch.com,68,Paombong,4:40 PM
81,2,ehannond28@youtu.be,46,Galapa,2:14 PM
82,2,lmussettini29@nhs.uk,56,Chechenglu,7:02 PM
83,4,jharrowsmith2a@cbsnews.com,31,Puqi,12:43 AM
84,4,nchaplain2b@unicef.org,39,Charlotte,3:43 PM
85,3,egergler2c@thetimes.co.uk,50,Samashki,9:46 PM
86,4,bcolnett2d@mysql.com,52,Yanmenguan,3:54 PM
87,,jhapper2e@cloudflare.com,27,Shuiquan,12:56 AM
88,1,ljouen2f@digg.com,58,Edineţ,1:38 PM
89,4,ptincknell2g@csmonitor.com,47,,1:44 AM
90,2,pwoolway2h@reverbnation.com,58,Bereeda,12:29 AM
91,1,pbattram2i@prnewswire.com,18,Shuangjing,4:21 AM
92,3,diacapucci2j@google.pl,57,Altavista,9:04 PM
93,1,msieghart2k@epa.gov,69,Fundación,6:27 PM
94,4,jtheuss2l@businessweek.com,19,Del Campillo,12:12 AM
95,2,wduckitt2m@themeforest.net,61,Krajan Bakalan,8:53 AM
96,4,aauden2n@hatena.ne.jp,51,Pamanukan,1:35 PM
97,4,itrickett2o@netscape.com,28,Legok,11:18 PM
98,3,blalor2p@yandex.ru,40,Nizhnyaya Salda,5:30 PM
99,3,lantonsson2q@sun.com,56,Chenyang,2:06 PM
100,1,aritelli2r@ycombinator.com,65,Calaba,2:41 PM
101,4,iwormstone2s@netvibes.com,40,Chirongui,11:57 PM
102,3,gfaucherand2t@irs.gov,36,Zhangpu,9:34 AM
103,3,bfinessy2u@nba.com,36,Rahayu,12:41 PM
104,1,ccreser2v@ucla.edu,22,Xike,2:43 AM
105,,csimao2w@myspace.com,47,Zhoutian,8:06 AM
106,2,gentissle2x@loc.gov,42,Miłosław,7:19 AM
107,4,pdibley2y@theglobeandmail.com,25,Xicheng,3:25 AM
108,3,mkilfeder2z@discuz.net,70,Nansha,8:11 PM
109,1,afleis30@mayoclinic.com,28,Komysh-Zorya,9:24 PM
110,1,wcyples31@hubpages.com,46,Kamyshevatskaya,5:00 AM
111,2,spooly32@unc.edu,22,Sumbermanggis,3:45 PM
112,4,hmayoral33@a8.net,69,Genzi,10:55 AM
113,3,dmcilvaney34@foxnews.com,24,Anjia,3:43 AM
114,4,awynett35@mapquest.com,28,Quintas,9:02 PM
115,1,lcasacchia36@salon.com,65,Liwu,
116,3,lgrieves37@cocolog-nifty.com,44,Shiḩan as Suflá,10:51 AM
117,1,cdabels38@de.vu,62,Gang,6:10 PM
118,1,gruthen39@ycombinator.com,55,Yingcheng,9:34 AM
119,2,tcoultas3a@barnesandnoble.com,49,Zama,2:17 PM
120,1,shussey3b@reddit.com,41,Mandera,12:39 AM
121,3,jlartice3c@macromedia.com,48,Kombësi,7:45 AM
122,4,abrushfield3d@typepad.com,58,Mirriah,8:15 PM
123,2,gchstney3e@reference.com,28,Morales,10:23 AM
124,1,eguidera3f@cnbc.com,52,Campanário,12:40 PM
125,3,jaxelby3g@4shared.com,38,Krajan,7:34 PM
126,4,dhedon3h@spiegel.de,25,Kuala Lumpur,1:00 PM
127,3,efellows3i@engadget.com,28,Izobil’nyy,12:41 AM
128,3,jwolffers3j@wsj.com,21,Taiping,8:04 PM
129,1,btearny3k@is.gd,23,Arrën,5:16 PM
130,4,ckissack3l@boston.com,45,Aguiar da Beira,8:07 AM
131,2,mscourfield3m@washington.edu,29,Uglich,7:09 PM
132,3,dstollery3n@gnu.org,51,Tlutup,8:10 PM
133,2,bdelia3o@imdb.com,22,,7:12 AM
134,1,kcheyney3p@indiatimes.com,69,Hengshi,5:23 PM
135,1,relward3q@examiner.com,42,Seaforth,10:59 AM
136,3,kdoerling3r@dell.com,61,Imrīsh,3:58 AM
137,2,bpalin3s@naver.com,64,,1:39 PM
138,3,rpinilla3t@storify.com,60,Karangsari,3:25 PM
139,2,krosendahl3u@soup.io,39,Haarlem,2:26 AM
140,3,aelliss3v@discovery.com,59,Clogherhead,11:34 PM
141,2,hdondon3w@moonfruit.com,51,Bārah,2:00 AM
142,1,bblemen3x@dedecms.com,33,,6:46 AM
143,3,dgebbe3y@state.gov,70,Daojiang,
144,4,llyndon3z@merriam-webster.com,56,Mingelchaur,8:20 PM
145,3,alippitt40@princeton.edu,69,Salor,8:59 AM
146,2,aservice41@baidu.com,43,Duvergé,11:19 AM
147,3,gbettanay42@google.com.br,36,Muranovo,2:51 AM
148,2,mrishman43@epa.gov,67,Apaga,4:46 PM
149,4,dmcgarrahan44@facebook.com,26,Chengkan,2:52 PM
150,3,lmallebone45@admin.ch,23,Tempel,5:29 AM
151,1,hmantle46@ca.gov,35,Stavanger,4:37 AM
152,3,ftreleaven47@barnesandnoble.com,45,Xiaojiezi,5:35 AM
153,1,mhopkins48@ebay.co.uk,66,Nanjie,12:07 AM
154,1,wfoggarty49@reuters.com,23,Itapemirim,9:21 PM
155,,acrotty4a@wsj.com,53,Chkalov,9:20 PM
156,3,uhuyge4b@pcworld.com,45,Bouna,4:35 AM
157,,odevitt4c@army.mil,22,Sagay,11:26 PM
158,3,myeskov4d@unc.edu,34,Robīt,10:11 PM
159,2,leilhersen4e@answers.com,65,Guyi,4:14 AM
160,3,mgear4f@whitehouse.gov,40,,8:20 PM
161,1,bkilbride4g@bravesites.com,47,Matumadua,11:30 AM
162,2,mkilbride4h@wordpress.com,56,Rozsypne,5:52 PM
163,2,jfeavyour4i@vk.com,26,Hanzhong,8:59 AM
164,4,mleveret4j@spotify.com,26,Novoalekseyevskaya,1:59 PM
165,3,eronnay4k@odnoklassniki.ru,25,Cafayate,1:15 AM
166,3,ilittlejohns4l@home.pl,30,Kishiwada,9:21 AM
167,3,mvansaltsberg4m@trellian.com,70,Pondokkaha Kelod,8:53 AM
168,1,ecasa4n@princeton.edu,49,Libouchec,
169,4,cklimkovich4o@odnoklassniki.ru,25,,10:21 AM
170,4,lwaliszek4p@amazonaws.com,22,Narathiwat,5:59 AM
171,1,dkennsley4q@sciencedirect.com,48,Aginskoye,8:54 PM
172,2,ibeville4r@cbslocal.com,70,San Pedro,5:23 PM
173,2,zcherrett4s@wikia.com,60,Jalanbaru,9:55 PM
174,1,bpanther4t@blogspot.com,46,Rohia,7:43 PM
175,1,npigot4u@paginegialle.it,59,Strum,1:30 AM
176,2,fbrach4v@wp.com,68,Dobrošte,4:15 PM
177,1,lgaunter4w@samsung.com,28,Perm,5:11 PM
178,3,rley4x@dedecms.com,52,,9:37 PM
179,2,astert4y@dedecms.com,30,Dallas,9:15 AM
180,3,lsorby4z@economist.com,26,Mafa,11:44 PM
181,4,nelliman50@webmd.com,58,Khanabad,9:07 PM
182,3,amordey51@skyrock.com,56,,9:59 PM
183,3,mprickett52@wiley.com,69,Mīzan Teferī,1:42 PM
184,2,dtomeo53@domainmarket.com,43,El Hatillo,1:49 AM
185,,pcosh54@plala.or.jp,55,Bardiyā,2:35 PM
186,2,khumberstone55@jimdo.com,45,Synevyr,
187,3,kspadelli56@cdc.gov,61,Knurów,
188,1,cmacpharlain57@discovery.com,51,Yixing,2:49 PM
189,2,ecopper58@ibm.com,20,Changning,3:52 AM
190,2,qlyttle59@hc360.com,50,Yoichi,3:49 PM
191,4,ffernando5a@infoseek.co.jp,29,Kohlu,5:29 AM
192,4,pstoakley5b@admin.ch,19,Agnibilékrou,8:07 AM
193,1,plober5c@dyndns.org,47,Nyzhni Petrivtsi,5:37 AM
194,3,brostern5d@so-net.ne.jp,32,Jardia,6:46 PM
195,4,hhawking5e@indiegogo.com,40,Hobart,
196,4,mbradshaw5f@thetimes.co.uk,62,Kalkal Barat,2:59 AM
197,3,ksapson5g@cdbaby.com,21,Urengoy,8:12 PM
198,4,sharcourt5h@economist.com,44,Ipoh,5:01 PM
199,2,pharriss5i@hatena.ne.jp,57,Ozëry,5:45 PM
200,3,kmacmickan5j@mediafire.com,56,Piúma,8:18 AM
